account_id,name,industry,employee_count,region,tech_stack_tags
ACC-0001,Cummings PLC,Financial Services,7705,AMER,"dbt, Kubernetes, Kafka, Spark"
ACC-0002,Pennington-Johnson,Media & Entertainment,18785,APAC,"Spark, Snowflake, GCP"
ACC-0003,Ortega-Santiago,Telecommunications,4881,APAC,"Airflow, Spark"
ACC-0004,Stewart-Hill,Gaming,8809,LATAM,"Kubernetes, dbt"
ACC-0005,"Stanton, Leach and Gonzalez",Gaming,16371,AMER,"Spark, Kafka, Kubernetes, GCP"
ACC-0006,"Dyer, Bryant and Bailey",Retail & E-commerce,14033,AMER,"GCP, Azure"
ACC-0007,"Garcia, Flores and Wilson",Gaming,576,AMER,"Spark, Airflow, Snowflake"
ACC-0008,Campbell-Thornton,Manufacturing,14446,EMEA,"dbt, Snowflake, Kafka, AWS"
ACC-0009,Oconnor Group,Gaming,3686,APAC,"AWS, Snowflake, Azure"
ACC-0010,"Larsen, Hernandez and Hernandez",Retail & E-commerce,17874,AMER,"dbt, Kubernetes, Azure, Airflow"
ACC-0011,Williams-Deleon,Logistics,10276,EMEA,"Kafka, Airflow, AWS, dbt"
ACC-0012,Allen LLC,Healthcare,16124,AMER,"Kubernetes, GCP"
ACC-0013,Dillon-Calhoun,Retail & E-commerce,8885,LATAM,"Azure, Postgres, Airflow, Snowflake"
ACC-0014,"Norris, Estrada and Simmons",Manufacturing,13274,APAC,"dbt, Kubernetes"
ACC-0015,Cunningham LLC,Media & Entertainment,7562,AMER,"dbt, Airflow, GCP"
ACC-0016,Stewart Inc,Ad Tech,7416,AMER,"AWS, dbt, Kubernetes"
ACC-0017,Mccormick-Johnson,Healthcare,1229,APAC,"AWS, Kubernetes"
ACC-0018,"Baldwin, Simmons and Maxwell",Manufacturing,16106,EMEA,"dbt, Kubernetes"
ACC-0019,Richard Ltd,Telecommunications,13538,EMEA,"Azure, Airflow, Kubernetes, Spark"
ACC-0020,"Howard, Moore and Alvarez",Logistics,14079,LATAM,"GCP, Spark"
ACC-0021,"Wilkinson, Henry and Henry",Insurance,11318,AMER,"AWS, GCP, Postgres"
ACC-0022,Rubio Inc,Gaming,14900,EMEA,"Kubernetes, Postgres"
ACC-0023,Ramos-Rogers,Media & Entertainment,2670,LATAM,"Azure, Snowflake, Airflow"
ACC-0024,Young Inc,Media & Entertainment,5649,LATAM,"GCP, AWS, dbt, Airflow"
ACC-0025,Kim-Adkins,Financial Services,5594,LATAM,"Airflow, Kubernetes, Spark"
ACC-0026,Thompson Ltd,Telecommunications,9547,LATAM,"Spark, Snowflake"
ACC-0027,"Jackson, Ellis and Hayes",Manufacturing,7333,AMER,"dbt, Airflow, Azure, GCP"
ACC-0028,Garcia-Jones,Financial Services,19342,LATAM,"dbt, AWS, Kafka, Postgres"
ACC-0029,"Price, Smith and Munoz",Healthcare,6289,AMER,"dbt, Azure, AWS, Snowflake"
ACC-0030,"Andrews, Thompson and Taylor",Ad Tech,8267,AMER,"GCP, Kubernetes, Spark, AWS"
ACC-0031,Watson Group,Media & Entertainment,10495,EMEA,"GCP, Spark, Kafka, Azure"
ACC-0032,Wright-Perez,Telecommunications,10560,AMER,"Spark, Azure, Snowflake"
ACC-0033,Holt Group,Healthcare,17817,EMEA,"Airflow, GCP"
ACC-0034,Vaughn PLC,Media & Entertainment,12308,APAC,"Snowflake, Azure, Kafka, AWS"
ACC-0035,"Baker, Garcia and West",Manufacturing,17532,AMER,"Airflow, dbt"
ACC-0036,Jackson-Payne,Manufacturing,3982,AMER,"dbt, Snowflake, GCP, Airflow"
ACC-0037,Smith-Sanchez,Ad Tech,7101,APAC,"dbt, Azure, Snowflake, Postgres"
ACC-0038,Schmidt-Woods,Telecommunications,8428,AMER,"Snowflake, dbt"
ACC-0039,Simpson-Ferguson,Financial Services,316,APAC,"Spark, Snowflake"
ACC-0040,Fisher-Hall,Telecommunications,18277,LATAM,"Snowflake, Azure"
ACC-0041,Francis PLC,Retail & E-commerce,18077,AMER,"AWS, GCP, dbt, Kafka"
ACC-0042,Wolf Inc,Insurance,4376,AMER,"Postgres, dbt, Azure"
ACC-0043,Jordan Group,Media & Entertainment,8376,AMER,"Kafka, AWS, Postgres"
ACC-0044,Boyd Group,Media & Entertainment,5524,EMEA,"dbt, Spark, Azure"
ACC-0045,"Davis, Lawrence and Martinez",Insurance,8331,APAC,"AWS, Azure, Kafka"
ACC-0046,Davis PLC,Financial Services,15623,EMEA,"GCP, Spark"
ACC-0047,Alexander-Banks,Manufacturing,7657,EMEA,"Airflow, Kafka"
ACC-0048,"Sanders, Meza and Fisher",Logistics,9329,AMER,"Kubernetes, Spark"
ACC-0049,Smith-Carter,Gaming,11051,AMER,"Kafka, dbt, Spark"
ACC-0050,Gonzalez Group,Ad Tech,8898,AMER,"Snowflake, Azure"
ACC-0051,"Anderson, Zimmerman and Gordon",Logistics,10478,LATAM,"Postgres, Spark"
ACC-0052,"Blackburn, Armstrong and Vasquez",Media & Entertainment,8546,AMER,"dbt, GCP, Spark, Snowflake"
ACC-0053,Williams Group,Insurance,2492,APAC,"Spark, AWS, Kubernetes, Azure"
ACC-0054,Martin Group,Manufacturing,13582,APAC,"Kafka, GCP, Snowflake, Airflow"
ACC-0055,Clark-Little,Media & Entertainment,13977,LATAM,"Snowflake, dbt, Azure"
ACC-0056,"Fitzpatrick, Chen and Mccarty",Financial Services,10157,APAC,"Azure, Snowflake, Spark, dbt"
ACC-0057,Sutton-Daniels,Telecommunications,14676,LATAM,"Spark, Kafka"
ACC-0058,Barnett Group,Retail & E-commerce,2978,APAC,"Kubernetes, dbt, Airflow, Spark"
ACC-0059,Petersen LLC,Media & Entertainment,10371,EMEA,"Postgres, Kafka, GCP, Spark"
ACC-0060,"Wallace, Hull and Levine",Financial Services,8223,LATAM,"Azure, AWS"
ACC-0061,Bailey Inc,Ad Tech,6571,LATAM,"GCP, Airflow, Spark, Kafka"
ACC-0062,"Turner, Powell and Griffin",Financial Services,3692,LATAM,"Spark, Kubernetes, Azure"
ACC-0063,White Ltd,Telecommunications,1845,EMEA,"Azure, dbt"
ACC-0064,Wyatt Ltd,Telecommunications,17604,APAC,"Airflow, Azure"
ACC-0065,Shields LLC,Gaming,14811,EMEA,"Postgres, dbt, Spark"
ACC-0066,Woods-Brown,Media & Entertainment,9286,LATAM,"Airflow, Postgres, Snowflake, Spark"
ACC-0067,"Burgess, Krause and King",Manufacturing,7883,APAC,"Kubernetes, Snowflake, Airflow, AWS"
ACC-0068,Campbell Ltd,Retail & E-commerce,5142,EMEA,"Kafka, dbt, GCP"
ACC-0069,Brady Ltd,Insurance,13556,APAC,"Azure, Kubernetes, GCP"
ACC-0070,Vincent-Chavez,Insurance,12962,AMER,"Airflow, Spark, AWS, GCP"
ACC-0071,"Beck, Stone and Jones",Manufacturing,12979,LATAM,"Spark, Airflow, AWS, Azure"
ACC-0072,Martinez-Banks,Manufacturing,14481,LATAM,"dbt, Kubernetes, Airflow, GCP"
ACC-0073,Murillo PLC,Insurance,5608,LATAM,"Spark, Kafka"
ACC-0074,"Mills, Dunn and Chambers",Financial Services,13111,AMER,"Postgres, dbt"
ACC-0075,"Brown, Castro and House",Telecommunications,6154,AMER,"Spark, Azure"
ACC-0076,"Wolfe, Miller and Smith",Telecommunications,10910,APAC,"Spark, Kafka, Kubernetes"
ACC-0077,Park Ltd,Healthcare,15611,AMER,"Snowflake, Spark, Postgres"
ACC-0078,Fox-Cox,Healthcare,1519,AMER,"dbt, AWS, Kafka, GCP"
ACC-0079,Morgan-Oneal,Ad Tech,5193,EMEA,"Kubernetes, AWS"
ACC-0080,Edwards-Baker,Ad Tech,7342,LATAM,"Airflow, GCP"
ACC-0081,Davis and Sons,Ad Tech,3953,EMEA,"Snowflake, Kafka, Azure, Postgres"
ACC-0082,"Garcia, Bennett and Obrien",Ad Tech,12498,LATAM,"GCP, AWS, Snowflake"
ACC-0083,Gordon PLC,Manufacturing,19874,AMER,"Kubernetes, GCP, Postgres, AWS"
ACC-0084,Schmidt-Webb,Logistics,2459,APAC,"AWS, Kafka, Spark, dbt"
ACC-0085,Stewart Inc,Healthcare,14405,APAC,"Spark, Airflow"
ACC-0086,Powell LLC,Gaming,9050,LATAM,"Airflow, Azure, Spark, GCP"
ACC-0087,Rosales-Phillips,Media & Entertainment,3039,APAC,"Spark, Snowflake, Kafka"
ACC-0088,Clark Group,Logistics,1140,LATAM,"Kubernetes, Airflow, Spark"
ACC-0089,Mcmillan-Williams,Logistics,8665,APAC,"Azure, Airflow, Kubernetes"
ACC-0090,Forbes Inc,Gaming,6460,AMER,"Postgres, Snowflake, AWS"
ACC-0091,Cervantes Inc,Gaming,8074,LATAM,"Spark, Airflow"
ACC-0092,"Brown, Adams and Ayala",Manufacturing,7461,LATAM,"Airflow, Postgres, AWS, dbt"
ACC-0093,Shah-Burgess,Gaming,17597,APAC,"Kubernetes, Snowflake, Kafka, Postgres"
ACC-0094,Sanders Ltd,Telecommunications,9077,APAC,"dbt, Kafka, Postgres"
ACC-0095,"Bailey, Anderson and Kelly",Logistics,4117,EMEA,"Kubernetes, GCP, Postgres"
ACC-0096,Shaw and Sons,Manufacturing,19519,APAC,"Kubernetes, Airflow"
ACC-0097,"Cohen, Moran and Santana",Media & Entertainment,12025,EMEA,"Kubernetes, Snowflake"
ACC-0098,Wong PLC,Manufacturing,1691,AMER,"AWS, dbt, Azure"
ACC-0099,"Maxwell, Ochoa and King",Financial Services,19010,APAC,"Snowflake, Azure, Airflow, AWS"
ACC-0100,"Long, Lowery and Robertson",Retail & E-commerce,1883,APAC,"Airflow, Postgres, Kafka"
ACC-0101,"Hoover, Baldwin and Jones",Telecommunications,2627,AMER,"GCP, Postgres, Spark"
ACC-0102,"Ingram, Hammond and Craig",Healthcare,8332,AMER,"Azure, Snowflake"
ACC-0103,Green-Velez,Telecommunications,9943,LATAM,"Spark, Kubernetes, Postgres, dbt"
ACC-0104,"Garrison, Greene and Gill",Media & Entertainment,7114,APAC,"Postgres, AWS, GCP"
ACC-0105,Phelps LLC,Gaming,2659,EMEA,"GCP, Azure, Kubernetes, Postgres"
ACC-0106,Liu PLC,Ad Tech,15598,APAC,"Spark, Airflow"
ACC-0107,"Marquez, Tran and Caldwell",Manufacturing,15077,AMER,"Kubernetes, Snowflake"
ACC-0108,Payne-Smith,Healthcare,18044,EMEA,"Kubernetes, Snowflake, Postgres, Airflow"
ACC-0109,Bryan and Sons,Financial Services,5636,APAC,"Azure, Snowflake, Postgres, AWS"
ACC-0110,Rowe Ltd,Telecommunications,10164,LATAM,"Postgres, Snowflake, Airflow, AWS"
ACC-0111,Gordon LLC,Telecommunications,2835,AMER,"dbt, Postgres, Airflow"
ACC-0112,Becker-Wells,Healthcare,7701,AMER,"Kafka, Snowflake, AWS"
ACC-0113,Banks-Spears,Gaming,14690,APAC,"Snowflake, AWS, Azure, Kubernetes"
ACC-0114,Shepherd-Long,Telecommunications,3189,LATAM,"Postgres, Spark"
ACC-0115,"Mcclain, Hoffman and Wilson",Healthcare,5469,APAC,"Spark, Kafka, dbt"
ACC-0116,Gilbert Inc,Gaming,1402,LATAM,"Airflow, Snowflake, Spark"
ACC-0117,Blake Inc,Logistics,3998,LATAM,"Kafka, Snowflake"
ACC-0118,Garcia-Perkins,Financial Services,6346,APAC,"AWS, dbt, Airflow, Kubernetes"
ACC-0119,"Vazquez, Gonzalez and Campbell",Manufacturing,18196,EMEA,"Airflow, Postgres, AWS, GCP"
ACC-0120,Murphy LLC,Financial Services,8041,EMEA,"Airflow, Postgres, GCP"
ACC-0121,Walters-Flores,Healthcare,7562,AMER,"dbt, AWS, Spark"
ACC-0122,Gill LLC,Manufacturing,16874,APAC,"GCP, Azure, Airflow"
ACC-0123,Fernandez-Pruitt,Telecommunications,18263,EMEA,"Airflow, Postgres, Kubernetes"
ACC-0124,Brown-Kaiser,Healthcare,9252,LATAM,"Kubernetes, dbt, Azure"
ACC-0125,Williams-Garcia,Manufacturing,9983,LATAM,"dbt, Snowflake, AWS"
ACC-0126,Williams LLC,Telecommunications,11509,APAC,"Airflow, dbt"
ACC-0127,Reese-Ross,Media & Entertainment,8025,LATAM,"dbt, Spark, Airflow, Azure"
ACC-0128,"Wood, Gilmore and West",Logistics,15698,LATAM,"Spark, AWS"
ACC-0129,"Farrell, Harris and Adams",Retail & E-commerce,16659,APAC,"Azure, Airflow, AWS"
ACC-0130,"Macdonald, Michael and Parker",Gaming,15172,AMER,"Airflow, GCP"
ACC-0131,Diaz-Fuller,Telecommunications,8884,APAC,"Azure, Spark, Postgres, AWS"
ACC-0132,"Griffin, Bender and Patel",Gaming,12652,APAC,"Spark, GCP, Kafka, Postgres"
ACC-0133,Romero LLC,Healthcare,7892,APAC,"Airflow, dbt, AWS, Snowflake"
ACC-0134,Hines and Sons,Healthcare,3493,LATAM,"GCP, Spark"
ACC-0135,Nelson-Mahoney,Financial Services,10829,AMER,"Snowflake, AWS"
ACC-0136,Barrera Inc,Retail & E-commerce,8201,LATAM,"Kafka, Postgres, Spark"
ACC-0137,"White, Simon and Mathews",Ad Tech,12735,EMEA,"Azure, Postgres, dbt, AWS"
ACC-0138,Michael-Smith,Telecommunications,8522,LATAM,"Postgres, Azure, Kubernetes"
ACC-0139,Adams-Bradley,Gaming,5376,AMER,"AWS, Airflow, Snowflake"
ACC-0140,Parker Ltd,Manufacturing,15169,APAC,"Kafka, Snowflake, Spark"
ACC-0141,"Charles, Johns and Pacheco",Healthcare,7972,LATAM,"Spark, Airflow"
ACC-0142,Jackson and Sons,Insurance,9194,AMER,"Kafka, Snowflake, dbt, AWS"
ACC-0143,Jones-Griffin,Media & Entertainment,11744,EMEA,"AWS, Airflow, Snowflake, Spark"
ACC-0144,Alexander PLC,Healthcare,1491,APAC,"Kubernetes, Snowflake, Azure, Kafka"
ACC-0145,Strong LLC,Healthcare,9870,APAC,"AWS, Kafka, Azure"
ACC-0146,Robinson PLC,Gaming,12188,APAC,"Spark, Azure, Kubernetes, GCP"
ACC-0147,"Blankenship, Davis and Fernandez",Manufacturing,11299,AMER,"Snowflake, Airflow"
ACC-0148,Conner-Parks,Insurance,18462,APAC,"GCP, Azure, Kubernetes"
ACC-0149,"Price, Johnson and Logan",Manufacturing,17782,AMER,"Spark, AWS"
ACC-0150,Winters-Gates,Logistics,3750,EMEA,"Kafka, Snowflake, Spark"
ACC-0151,Valencia Group,Ad Tech,7453,AMER,"AWS, dbt, Kafka"
ACC-0152,Conway-Coleman,Retail & E-commerce,1685,AMER,"Airflow, Snowflake, Spark, AWS"
ACC-0153,Olsen PLC,Media & Entertainment,17814,EMEA,"Airflow, GCP, dbt"
ACC-0154,"Henderson, Hicks and Smith",Ad Tech,5263,LATAM,"Airflow, Kafka, Spark"
ACC-0155,Tran Inc,Financial Services,12341,EMEA,"GCP, Airflow, Spark, Azure"
ACC-0156,Walker and Sons,Healthcare,12236,APAC,"Airflow, Kubernetes, Kafka"
ACC-0157,Jones-Smith,Media & Entertainment,4202,LATAM,"Spark, Snowflake"
ACC-0158,James-Owens,Financial Services,11128,EMEA,"Kubernetes, AWS"
ACC-0159,Williams and Sons,Healthcare,18360,EMEA,"Postgres, Kubernetes"
ACC-0160,"Garza, Sanchez and Mcbride",Retail & E-commerce,19729,AMER,"Kubernetes, Postgres, Kafka, Spark"
ACC-0161,Gibbs-Dominguez,Retail & E-commerce,3802,AMER,"Azure, Postgres, Snowflake"
ACC-0162,Hunter-Mccoy,Media & Entertainment,19495,APAC,"AWS, Kafka"
ACC-0163,Robinson-Jackson,Financial Services,4353,LATAM,"Azure, Snowflake"
ACC-0164,Nelson-Mcdonald,Logistics,17017,AMER,"GCP, Postgres, Airflow, Kubernetes"
ACC-0165,Peck-Velazquez,Gaming,10083,LATAM,"dbt, Kubernetes, AWS"
ACC-0166,Harris Ltd,Insurance,14168,AMER,"AWS, Postgres, Airflow, Spark"
ACC-0167,Williams-Blake,Logistics,5060,AMER,"Airflow, GCP, dbt"
ACC-0168,"Chavez, Sanders and Cook",Logistics,12681,APAC,"Snowflake, dbt"
ACC-0169,Smith LLC,Healthcare,18266,EMEA,"dbt, Spark, GCP"
ACC-0170,"Lutz, Lin and Glover",Logistics,15060,LATAM,"Airflow, Kubernetes, Spark"
ACC-0171,Green Inc,Logistics,8552,APAC,"GCP, Kafka, Spark"
ACC-0172,Vaughn-Cherry,Healthcare,2997,AMER,"Airflow, GCP"
ACC-0173,"Spears, Holloway and Kim",Gaming,2165,APAC,"GCP, Kafka, Azure"
ACC-0174,"Reynolds, Martinez and Pearson",Insurance,1885,APAC,"GCP, Spark, Kafka, dbt"
ACC-0175,Choi and Sons,Gaming,7171,EMEA,"Snowflake, Kafka, GCP, Postgres"
ACC-0176,"Ward, Rivera and Burns",Gaming,12244,AMER,"Airflow, Kubernetes, GCP, Azure"
ACC-0177,Villegas-Martinez,Gaming,18443,AMER,"Postgres, Kubernetes, Spark"
ACC-0178,Shelton-Sullivan,Manufacturing,11335,APAC,"Snowflake, AWS, Azure, Airflow"
ACC-0179,"Roberts, Lopez and Johnson",Ad Tech,13332,AMER,"Azure, Postgres"
ACC-0180,Braun LLC,Gaming,7249,LATAM,"AWS, GCP"
ACC-0181,Clark LLC,Logistics,10411,APAC,"Airflow, Kafka, Azure"
ACC-0182,Alvarez Ltd,Retail & E-commerce,1830,AMER,"Postgres, GCP, AWS, dbt"
ACC-0183,"Quinn, Ray and Jones",Ad Tech,14684,LATAM,"Airflow, Spark, Postgres"
ACC-0184,Hall-Goodman,Logistics,14287,AMER,"Kubernetes, dbt, GCP"
ACC-0185,Ochoa-Santiago,Financial Services,7425,LATAM,"Postgres, Airflow, Snowflake"
ACC-0186,Dawson Ltd,Media & Entertainment,4696,APAC,"AWS, Postgres, Kubernetes, Azure"
ACC-0187,Rivera Ltd,Telecommunications,14311,EMEA,"Kafka, GCP, AWS"
ACC-0188,Lambert-Haney,Media & Entertainment,16592,APAC,"Spark, dbt"
ACC-0189,Juarez-Walker,Insurance,814,LATAM,"Spark, AWS"
ACC-0190,"Hernandez, Rhodes and Baker",Ad Tech,13452,LATAM,"Kafka, Spark"
ACC-0191,Weber Inc,Logistics,5831,LATAM,"GCP, Spark, AWS"
ACC-0192,Graham and Sons,Healthcare,8172,LATAM,"Kafka, GCP, Spark, Airflow"
ACC-0193,Mcfarland Ltd,Manufacturing,11325,EMEA,"Spark, dbt, GCP, Kubernetes"
ACC-0194,King-Wells,Gaming,16910,EMEA,"Azure, GCP, dbt"
ACC-0195,Higgins PLC,Healthcare,4998,APAC,"Kafka, Azure, Kubernetes"
ACC-0196,Welch-Johnson,Healthcare,6004,LATAM,"Azure, Postgres"
ACC-0197,Rodriguez-Ross,Logistics,5146,LATAM,"Postgres, Airflow, Kafka"
ACC-0198,Taylor Inc,Manufacturing,9200,AMER,"Airflow, Postgres"
ACC-0199,Gibson Inc,Telecommunications,15008,AMER,"dbt, GCP, Snowflake"
ACC-0200,"Rivera, Watkins and Miller",Healthcare,3158,LATAM,"Kafka, Snowflake"
