contact_id,account_id,first_name,last_name,title,email,role
CON-0001,ACC-0116,Brenda,Hendricks,Director of Platform Engineering,brenda.hendricks@example.com,Technical Evaluator
CON-0002,ACC-0155,Frances,Berry,VP of Data Science,frances.berry@example.com,Champion
CON-0003,ACC-0039,Michael,Thomas,VP of Engineering,michael.thomas@example.com,Technical Evaluator
CON-0004,ACC-0027,Brian,Austin,Staff Software Engineer,brian.austin@example.com,Champion
CON-0005,ACC-0022,Taylor,Williams,Chief Data Officer,taylor.williams@example.com,Economic Buyer
CON-0006,ACC-0064,Scott,Hall,VP of Data Science,scott.hall@example.com,Technical Evaluator
CON-0007,ACC-0135,Julian,Mejia,Chief Data Officer,julian.mejia@example.com,Technical Evaluator
CON-0008,ACC-0096,Olivia,Wagner,Senior Data Engineer,olivia.wagner@example.com,Technical Evaluator
CON-0009,ACC-0105,William,Mcmahon,Staff Software Engineer,william.mcmahon@example.com,Champion
CON-0010,ACC-0154,Andrew,Castillo,VP of Engineering,andrew.castillo@example.com,Champion
CON-0011,ACC-0166,Jeffery,Merritt,Staff Software Engineer,jeffery.merritt@example.com,Economic Buyer
CON-0012,ACC-0085,Christian,Cochran,Head of Data Engineering,christian.cochran@example.com,Champion
CON-0013,ACC-0174,Joseph,Gardner,Director of Infrastructure,joseph.gardner@example.com,Technical Evaluator
CON-0014,ACC-0065,Charles,Osborne,Chief Data Officer,charles.osborne@example.com,Technical Evaluator
CON-0015,ACC-0021,Ebony,Cruz,Chief Data Officer,ebony.cruz@example.com,Technical Evaluator
CON-0016,ACC-0080,Kayla,Martin,Director of Infrastructure,kayla.martin@example.com,Economic Buyer
CON-0017,ACC-0153,Jeffrey,Soto,Head of Data Engineering,jeffrey.soto@example.com,Technical Evaluator
CON-0018,ACC-0144,Jasmine,Parker,Director of Infrastructure,jasmine.parker@example.com,Champion
CON-0019,ACC-0085,Julia,Hernandez,Chief Data Officer,julia.hernandez@example.com,Champion
CON-0020,ACC-0180,Tina,Hayden,Head of Data Engineering,tina.hayden@example.com,Champion
CON-0021,ACC-0172,Mallory,Smith,Director of Infrastructure,mallory.smith@example.com,Champion
CON-0022,ACC-0093,Pamela,Collier,VP of Engineering,pamela.collier@example.com,Technical Evaluator
CON-0023,ACC-0080,Andrea,Spears,Chief Data Officer,andrea.spears@example.com,Economic Buyer
CON-0024,ACC-0088,Michelle,Ward,VP of Data Science,michelle.ward@example.com,Economic Buyer
CON-0025,ACC-0058,Ryan,Miller,Chief Data Officer,ryan.miller@example.com,Economic Buyer
CON-0026,ACC-0020,Alexis,Morrison,Senior Data Engineer,alexis.morrison@example.com,Economic Buyer
CON-0027,ACC-0130,Eric,Wu,VP of Engineering,eric.wu@example.com,Champion
CON-0028,ACC-0087,Bobby,Chambers,Chief Data Officer,bobby.chambers@example.com,Champion
CON-0029,ACC-0097,Theresa,Keith,Chief Data Officer,theresa.keith@example.com,Economic Buyer
CON-0030,ACC-0047,Jonathan,Carroll,Chief Data Officer,jonathan.carroll@example.com,Champion
CON-0031,ACC-0113,Melissa,Vazquez,VP of Engineering,melissa.vazquez@example.com,Technical Evaluator
CON-0032,ACC-0094,Ryan,Hughes,Director of Platform Engineering,ryan.hughes@example.com,Technical Evaluator
CON-0033,ACC-0157,Christina,Reynolds,Senior Data Engineer,christina.reynolds@example.com,Champion
CON-0034,ACC-0115,Susan,Smith,Director of Platform Engineering,susan.smith@example.com,Champion
CON-0035,ACC-0062,Donna,Davis,Senior Data Engineer,donna.davis@example.com,Technical Evaluator
CON-0036,ACC-0050,Todd,Pacheco,Staff Software Engineer,todd.pacheco@example.com,Champion
CON-0037,ACC-0147,Bethany,Jones,VP of Data Science,bethany.jones@example.com,Technical Evaluator
CON-0038,ACC-0197,Christy,Davis,Senior Data Engineer,christy.davis@example.com,Technical Evaluator
CON-0039,ACC-0129,Joe,Garcia,Director of Infrastructure,joe.garcia@example.com,Economic Buyer
CON-0040,ACC-0052,Christian,Torres,Chief Data Officer,christian.torres@example.com,Technical Evaluator
CON-0041,ACC-0014,Rick,Wade,VP of Data Science,rick.wade@example.com,Technical Evaluator
CON-0042,ACC-0142,Terri,Harris,Head of Data Engineering,terri.harris@example.com,Champion
CON-0043,ACC-0133,Jay,Bennett,Head of Data Engineering,jay.bennett@example.com,Technical Evaluator
CON-0044,ACC-0022,Matthew,Bond,Chief Data Officer,matthew.bond@example.com,Technical Evaluator
CON-0045,ACC-0116,Jade,Brock,Chief Data Officer,jade.brock@example.com,Technical Evaluator
CON-0046,ACC-0024,William,Cuevas,Director of Platform Engineering,william.cuevas@example.com,Technical Evaluator
CON-0047,ACC-0090,Jennifer,Leon,VP of Engineering,jennifer.leon@example.com,Technical Evaluator
CON-0048,ACC-0014,Hannah,Garcia,Director of Infrastructure,hannah.garcia@example.com,Champion
CON-0049,ACC-0096,Tiffany,Klein,Director of Platform Engineering,tiffany.klein@example.com,Technical Evaluator
CON-0050,ACC-0021,Tara,Smith,Staff Software Engineer,tara.smith@example.com,Economic Buyer
CON-0051,ACC-0008,Thomas,Martin,Staff Software Engineer,thomas.martin@example.com,Economic Buyer
CON-0052,ACC-0183,Nathaniel,Hill,Staff Software Engineer,nathaniel.hill@example.com,Economic Buyer
CON-0053,ACC-0036,Heather,Mitchell,VP of Engineering,heather.mitchell@example.com,Technical Evaluator
CON-0054,ACC-0121,Catherine,Austin,Chief Data Officer,catherine.austin@example.com,Champion
CON-0055,ACC-0121,Ashley,White,VP of Data Science,ashley.white@example.com,Champion
CON-0056,ACC-0002,Peter,Smith,Head of Data Engineering,peter.smith@example.com,Economic Buyer
CON-0057,ACC-0066,Richard,Nguyen,Director of Platform Engineering,richard.nguyen@example.com,Economic Buyer
CON-0058,ACC-0141,James,Hall,Director of Infrastructure,james.hall@example.com,Economic Buyer
CON-0059,ACC-0199,Chelsea,Riley,Senior Data Engineer,chelsea.riley@example.com,Economic Buyer
CON-0060,ACC-0078,Sarah,Trujillo,Head of Data Engineering,sarah.trujillo@example.com,Economic Buyer
CON-0061,ACC-0062,Adam,Morales,Director of Infrastructure,adam.morales@example.com,Champion
CON-0062,ACC-0160,Christine,Schmidt,VP of Data Science,christine.schmidt@example.com,Economic Buyer
CON-0063,ACC-0029,Jason,Chapman,VP of Data Science,jason.chapman@example.com,Champion
CON-0064,ACC-0138,Maxwell,Brown,VP of Engineering,maxwell.brown@example.com,Champion
CON-0065,ACC-0132,Shawn,Mccullough,Director of Platform Engineering,shawn.mccullough@example.com,Champion
CON-0066,ACC-0037,Debra,Preston,Senior Data Engineer,debra.preston@example.com,Technical Evaluator
CON-0067,ACC-0001,Carolyn,Wallace,Staff Software Engineer,carolyn.wallace@example.com,Economic Buyer
CON-0068,ACC-0147,Brian,Mcdonald,Director of Infrastructure,brian.mcdonald@example.com,Economic Buyer
CON-0069,ACC-0171,Matthew,Yates,Head of Data Engineering,matthew.yates@example.com,Champion
CON-0070,ACC-0093,Benjamin,Haynes,Head of Data Engineering,benjamin.haynes@example.com,Champion
CON-0071,ACC-0140,Kenneth,Sanchez,VP of Engineering,kenneth.sanchez@example.com,Technical Evaluator
CON-0072,ACC-0121,Cody,Smith,VP of Engineering,cody.smith@example.com,Champion
CON-0073,ACC-0100,Valerie,Andersen,Staff Software Engineer,valerie.andersen@example.com,Technical Evaluator
CON-0074,ACC-0192,Jesus,Mitchell,VP of Engineering,jesus.mitchell@example.com,Technical Evaluator
CON-0075,ACC-0018,Shelia,Berry,Staff Software Engineer,shelia.berry@example.com,Economic Buyer
CON-0076,ACC-0188,Scott,Lee,Head of Data Engineering,scott.lee@example.com,Champion
CON-0077,ACC-0189,Jacqueline,Fischer,Staff Software Engineer,jacqueline.fischer@example.com,Economic Buyer
CON-0078,ACC-0012,Randall,Jensen,Staff Software Engineer,randall.jensen@example.com,Champion
CON-0079,ACC-0087,Jane,Chapman,Chief Data Officer,jane.chapman@example.com,Champion
CON-0080,ACC-0119,Billy,Hoffman,VP of Data Science,billy.hoffman@example.com,Champion
CON-0081,ACC-0047,Larry,Nguyen,Chief Data Officer,larry.nguyen@example.com,Economic Buyer
CON-0082,ACC-0184,Charlotte,Robinson,VP of Data Science,charlotte.robinson@example.com,Economic Buyer
CON-0083,ACC-0076,Ryan,Frank,Director of Platform Engineering,ryan.frank@example.com,Economic Buyer
CON-0084,ACC-0052,Samuel,Lee,VP of Engineering,samuel.lee@example.com,Technical Evaluator
CON-0085,ACC-0080,Jacqueline,Pitts,Director of Infrastructure,jacqueline.pitts@example.com,Champion
CON-0086,ACC-0122,Gary,Powell,Senior Data Engineer,gary.powell@example.com,Economic Buyer
CON-0087,ACC-0193,Jason,Harris,Director of Platform Engineering,jason.harris@example.com,Technical Evaluator
CON-0088,ACC-0092,Deborah,Rose,VP of Engineering,deborah.rose@example.com,Champion
CON-0089,ACC-0085,Sandra,Newton,Senior Data Engineer,sandra.newton@example.com,Economic Buyer
CON-0090,ACC-0095,Kristen,Williams,Director of Infrastructure,kristen.williams@example.com,Technical Evaluator
CON-0091,ACC-0191,Victoria,Hill,VP of Data Science,victoria.hill@example.com,Technical Evaluator
CON-0092,ACC-0087,Elizabeth,Clark,Chief Data Officer,elizabeth.clark@example.com,Technical Evaluator
CON-0093,ACC-0178,Christine,Mendoza,VP of Data Science,christine.mendoza@example.com,Technical Evaluator
CON-0094,ACC-0133,Ashley,Frank,Senior Data Engineer,ashley.frank@example.com,Economic Buyer
CON-0095,ACC-0187,Glenda,Taylor,Director of Infrastructure,glenda.taylor@example.com,Economic Buyer
CON-0096,ACC-0111,Christopher,Smith,Chief Data Officer,christopher.smith@example.com,Champion
CON-0097,ACC-0076,Theresa,Boyd,Staff Software Engineer,theresa.boyd@example.com,Economic Buyer
CON-0098,ACC-0021,Brad,Williams,Staff Software Engineer,brad.williams@example.com,Champion
CON-0099,ACC-0076,Donald,Reynolds,Senior Data Engineer,donald.reynolds@example.com,Technical Evaluator
CON-0100,ACC-0155,Daniel,Blackwell,Director of Infrastructure,daniel.blackwell@example.com,Economic Buyer
CON-0101,ACC-0177,Carolyn,Frey,VP of Data Science,carolyn.frey@example.com,Technical Evaluator
CON-0102,ACC-0115,Patricia,Taylor,VP of Engineering,patricia.taylor@example.com,Champion
CON-0103,ACC-0091,Sierra,Anderson,Director of Infrastructure,sierra.anderson@example.com,Technical Evaluator
CON-0104,ACC-0164,Lori,Compton,VP of Engineering,lori.compton@example.com,Economic Buyer
CON-0105,ACC-0172,Preston,Snow,Director of Infrastructure,preston.snow@example.com,Technical Evaluator
CON-0106,ACC-0132,Diane,Brewer,Chief Data Officer,diane.brewer@example.com,Economic Buyer
CON-0107,ACC-0037,Kyle,Hurst,VP of Data Science,kyle.hurst@example.com,Economic Buyer
CON-0108,ACC-0033,Erica,Cruz,Head of Data Engineering,erica.cruz@example.com,Economic Buyer
CON-0109,ACC-0200,Mark,Farmer,Staff Software Engineer,mark.farmer@example.com,Technical Evaluator
CON-0110,ACC-0099,Rebecca,Fischer,VP of Engineering,rebecca.fischer@example.com,Champion
CON-0111,ACC-0040,Elizabeth,Khan,VP of Data Science,elizabeth.khan@example.com,Technical Evaluator
CON-0112,ACC-0096,Brittney,Tran,VP of Data Science,brittney.tran@example.com,Economic Buyer
CON-0113,ACC-0147,David,Taylor,Chief Data Officer,david.taylor@example.com,Champion
CON-0114,ACC-0094,Joseph,Walsh,Director of Infrastructure,joseph.walsh@example.com,Technical Evaluator
CON-0115,ACC-0167,Samuel,Parker,Senior Data Engineer,samuel.parker@example.com,Economic Buyer
CON-0116,ACC-0030,Elizabeth,Hill,VP of Engineering,elizabeth.hill@example.com,Champion
CON-0117,ACC-0048,Linda,Turner,VP of Data Science,linda.turner@example.com,Champion
CON-0118,ACC-0100,Brandon,Jones,Head of Data Engineering,brandon.jones@example.com,Technical Evaluator
CON-0119,ACC-0199,Tina,Carter,Senior Data Engineer,tina.carter@example.com,Champion
CON-0120,ACC-0115,Nicholas,Miller,Director of Platform Engineering,nicholas.miller@example.com,Champion
CON-0121,ACC-0074,Greg,Murray,VP of Data Science,greg.murray@example.com,Economic Buyer
CON-0122,ACC-0032,Dennis,Edwards,Chief Data Officer,dennis.edwards@example.com,Economic Buyer
CON-0123,ACC-0116,Ashley,Evans,Chief Data Officer,ashley.evans@example.com,Champion
CON-0124,ACC-0114,Jon,Hoover,Head of Data Engineering,jon.hoover@example.com,Champion
CON-0125,ACC-0082,Tammy,Lopez,Staff Software Engineer,tammy.lopez@example.com,Champion
CON-0126,ACC-0017,Emily,Hicks,Senior Data Engineer,emily.hicks@example.com,Technical Evaluator
CON-0127,ACC-0041,Jill,Jackson,Chief Data Officer,jill.jackson@example.com,Technical Evaluator
CON-0128,ACC-0131,Roy,Ortiz,Director of Platform Engineering,roy.ortiz@example.com,Economic Buyer
CON-0129,ACC-0052,Nicole,Gutierrez,Chief Data Officer,nicole.gutierrez@example.com,Economic Buyer
CON-0130,ACC-0127,Timothy,Pena,VP of Engineering,timothy.pena@example.com,Technical Evaluator
CON-0131,ACC-0142,Laura,Donaldson,Staff Software Engineer,laura.donaldson@example.com,Technical Evaluator
CON-0132,ACC-0142,Veronica,Dillon,Chief Data Officer,veronica.dillon@example.com,Champion
CON-0133,ACC-0023,Alan,Dodson,Head of Data Engineering,alan.dodson@example.com,Technical Evaluator
CON-0134,ACC-0102,Sean,Choi,VP of Data Science,sean.choi@example.com,Champion
CON-0135,ACC-0106,Michael,Martin,Director of Infrastructure,michael.martin@example.com,Champion
CON-0136,ACC-0019,Andrew,Lewis,Chief Data Officer,andrew.lewis@example.com,Technical Evaluator
CON-0137,ACC-0165,Michael,Lopez,Head of Data Engineering,michael.lopez@example.com,Technical Evaluator
CON-0138,ACC-0120,Mary,Mills,Staff Software Engineer,mary.mills@example.com,Economic Buyer
CON-0139,ACC-0200,Travis,Santana,Chief Data Officer,travis.santana@example.com,Economic Buyer
CON-0140,ACC-0111,Heather,Green,VP of Engineering,heather.green@example.com,Economic Buyer
CON-0141,ACC-0133,Dawn,Drake,Chief Data Officer,dawn.drake@example.com,Technical Evaluator
CON-0142,ACC-0043,Richard,Gutierrez,Chief Data Officer,richard.gutierrez@example.com,Technical Evaluator
CON-0143,ACC-0182,Angela,Garcia,Director of Platform Engineering,angela.garcia@example.com,Technical Evaluator
CON-0144,ACC-0133,Amanda,Cole,Senior Data Engineer,amanda.cole@example.com,Economic Buyer
CON-0145,ACC-0065,Trevor,Wagner,Director of Platform Engineering,trevor.wagner@example.com,Champion
CON-0146,ACC-0142,Alexandra,Vang,Senior Data Engineer,alexandra.vang@example.com,Economic Buyer
CON-0147,ACC-0161,Johnny,Caldwell,Senior Data Engineer,johnny.caldwell@example.com,Champion
CON-0148,ACC-0137,Jeremiah,Grimes,Head of Data Engineering,jeremiah.grimes@example.com,Champion
CON-0149,ACC-0165,Christine,Jimenez,Chief Data Officer,christine.jimenez@example.com,Champion
CON-0150,ACC-0149,Stephanie,Farmer,Chief Data Officer,stephanie.farmer@example.com,Economic Buyer
CON-0151,ACC-0169,Michelle,Murray,Staff Software Engineer,michelle.murray@example.com,Champion
CON-0152,ACC-0011,Kent,Weaver,VP of Engineering,kent.weaver@example.com,Economic Buyer
CON-0153,ACC-0012,Susan,Thomas,Senior Data Engineer,susan.thomas@example.com,Champion
CON-0154,ACC-0054,Jose,Manning,Director of Infrastructure,jose.manning@example.com,Champion
CON-0155,ACC-0164,Eric,Morgan,VP of Engineering,eric.morgan@example.com,Technical Evaluator
CON-0156,ACC-0161,Linda,Kennedy,Senior Data Engineer,linda.kennedy@example.com,Champion
CON-0157,ACC-0078,Frank,Jackson,VP of Data Science,frank.jackson@example.com,Economic Buyer
CON-0158,ACC-0176,Shawn,Chandler,Director of Infrastructure,shawn.chandler@example.com,Technical Evaluator
CON-0159,ACC-0117,Brittany,Scott,Head of Data Engineering,brittany.scott@example.com,Champion
CON-0160,ACC-0016,John,Colon,Chief Data Officer,john.colon@example.com,Technical Evaluator
CON-0161,ACC-0107,Kristin,Sanchez,VP of Data Science,kristin.sanchez@example.com,Technical Evaluator
CON-0162,ACC-0053,Fernando,Mcgee,Staff Software Engineer,fernando.mcgee@example.com,Champion
CON-0163,ACC-0037,Christine,Herman,Staff Software Engineer,christine.herman@example.com,Champion
CON-0164,ACC-0082,Laura,Williams,Staff Software Engineer,laura.williams@example.com,Technical Evaluator
CON-0165,ACC-0034,Alex,Moon,Staff Software Engineer,alex.moon@example.com,Champion
CON-0166,ACC-0144,Tina,Vasquez,Head of Data Engineering,tina.vasquez@example.com,Technical Evaluator
CON-0167,ACC-0062,Jose,Gilbert,VP of Data Science,jose.gilbert@example.com,Economic Buyer
CON-0168,ACC-0069,Samuel,Townsend,VP of Data Science,samuel.townsend@example.com,Economic Buyer
CON-0169,ACC-0037,Christopher,Mitchell,Head of Data Engineering,christopher.mitchell@example.com,Economic Buyer
CON-0170,ACC-0075,Rebecca,Lee,Director of Infrastructure,rebecca.lee@example.com,Champion
CON-0171,ACC-0108,Amy,Young,Director of Platform Engineering,amy.young@example.com,Economic Buyer
CON-0172,ACC-0084,Savannah,Hall,Staff Software Engineer,savannah.hall@example.com,Economic Buyer
CON-0173,ACC-0196,Gina,Walker,Chief Data Officer,gina.walker@example.com,Technical Evaluator
CON-0174,ACC-0132,Brett,Johnson,VP of Data Science,brett.johnson@example.com,Technical Evaluator
CON-0175,ACC-0079,Lindsey,Simon,VP of Data Science,lindsey.simon@example.com,Economic Buyer
CON-0176,ACC-0024,Deborah,Bullock,Director of Infrastructure,deborah.bullock@example.com,Champion
CON-0177,ACC-0118,Tyler,Ortiz,Director of Platform Engineering,tyler.ortiz@example.com,Economic Buyer
CON-0178,ACC-0150,Natalie,Rodgers,Staff Software Engineer,natalie.rodgers@example.com,Economic Buyer
CON-0179,ACC-0013,David,Cardenas,Senior Data Engineer,david.cardenas@example.com,Technical Evaluator
CON-0180,ACC-0153,Erin,Foster,VP of Data Science,erin.foster@example.com,Technical Evaluator
CON-0181,ACC-0138,Cheyenne,Powers,VP of Engineering,cheyenne.powers@example.com,Economic Buyer
CON-0182,ACC-0111,Travis,Daniels,Chief Data Officer,travis.daniels@example.com,Technical Evaluator
CON-0183,ACC-0187,Mark,Baker,Staff Software Engineer,mark.baker@example.com,Technical Evaluator
CON-0184,ACC-0094,Valerie,Armstrong,VP of Engineering,valerie.armstrong@example.com,Technical Evaluator
CON-0185,ACC-0014,Paul,Jacobson,Director of Platform Engineering,paul.jacobson@example.com,Technical Evaluator
CON-0186,ACC-0142,Ernest,Martinez,Senior Data Engineer,ernest.martinez@example.com,Economic Buyer
CON-0187,ACC-0099,Jamie,Davis,VP of Data Science,jamie.davis@example.com,Champion
CON-0188,ACC-0072,Cory,Smith,Head of Data Engineering,cory.smith@example.com,Economic Buyer
CON-0189,ACC-0025,Amanda,Miller,Director of Infrastructure,amanda.miller@example.com,Technical Evaluator
CON-0190,ACC-0087,Randy,Harris,Staff Software Engineer,randy.harris@example.com,Economic Buyer
CON-0191,ACC-0051,Donald,Smith,Director of Infrastructure,donald.smith@example.com,Champion
CON-0192,ACC-0011,Jason,Walker,VP of Engineering,jason.walker@example.com,Economic Buyer
CON-0193,ACC-0036,Carolyn,Martinez,Staff Software Engineer,carolyn.martinez@example.com,Technical Evaluator
CON-0194,ACC-0133,Robert,Smith,VP of Data Science,robert.smith@example.com,Economic Buyer
CON-0195,ACC-0156,Jeremy,Porter,Chief Data Officer,jeremy.porter@example.com,Technical Evaluator
CON-0196,ACC-0157,Steven,Middleton,Staff Software Engineer,steven.middleton@example.com,Economic Buyer
CON-0197,ACC-0101,Chad,Robinson,Senior Data Engineer,chad.robinson@example.com,Champion
CON-0198,ACC-0087,Melody,Herrera,VP of Data Science,melody.herrera@example.com,Champion
CON-0199,ACC-0145,Anna,Parker,Senior Data Engineer,anna.parker@example.com,Technical Evaluator
CON-0200,ACC-0005,Brandon,Myers,Staff Software Engineer,brandon.myers@example.com,Technical Evaluator
CON-0201,ACC-0173,Crystal,Figueroa,Head of Data Engineering,crystal.figueroa@example.com,Technical Evaluator
CON-0202,ACC-0150,Mary,Myers,Senior Data Engineer,mary.myers@example.com,Champion
CON-0203,ACC-0177,Gabriel,Small,VP of Engineering,gabriel.small@example.com,Champion
CON-0204,ACC-0122,Michelle,King,Senior Data Engineer,michelle.king@example.com,Champion
CON-0205,ACC-0199,Karen,Rodriguez,Director of Platform Engineering,karen.rodriguez@example.com,Champion
CON-0206,ACC-0014,Tammy,Ortiz,VP of Data Science,tammy.ortiz@example.com,Economic Buyer
CON-0207,ACC-0135,William,Adams,Director of Infrastructure,william.adams@example.com,Economic Buyer
CON-0208,ACC-0175,Evelyn,Ali,Director of Platform Engineering,evelyn.ali@example.com,Economic Buyer
CON-0209,ACC-0147,Veronica,Flores,Head of Data Engineering,veronica.flores@example.com,Economic Buyer
CON-0210,ACC-0005,Jack,Mcpherson,VP of Data Science,jack.mcpherson@example.com,Technical Evaluator
CON-0211,ACC-0108,Kimberly,Brown,Chief Data Officer,kimberly.brown@example.com,Technical Evaluator
CON-0212,ACC-0177,Louis,Evans,Director of Platform Engineering,louis.evans@example.com,Technical Evaluator
CON-0213,ACC-0129,Jean,Cruz,VP of Data Science,jean.cruz@example.com,Champion
CON-0214,ACC-0187,Steven,Young,VP of Engineering,steven.young@example.com,Champion
CON-0215,ACC-0036,Sharon,Garcia,Director of Platform Engineering,sharon.garcia@example.com,Champion
CON-0216,ACC-0084,Vanessa,Long,VP of Data Science,vanessa.long@example.com,Champion
CON-0217,ACC-0097,Ryan,Calderon,Staff Software Engineer,ryan.calderon@example.com,Economic Buyer
CON-0218,ACC-0118,Michael,Ward,Staff Software Engineer,michael.ward@example.com,Champion
CON-0219,ACC-0091,Deanna,Foley,Senior Data Engineer,deanna.foley@example.com,Champion
CON-0220,ACC-0124,Thomas,Vaughan,Director of Platform Engineering,thomas.vaughan@example.com,Economic Buyer
CON-0221,ACC-0072,Laura,Curry,Senior Data Engineer,laura.curry@example.com,Economic Buyer
CON-0222,ACC-0077,Brenda,Edwards,Senior Data Engineer,brenda.edwards@example.com,Champion
CON-0223,ACC-0054,Ricardo,White,VP of Data Science,ricardo.white@example.com,Technical Evaluator
CON-0224,ACC-0123,Jaime,Barrett,Staff Software Engineer,jaime.barrett@example.com,Champion
CON-0225,ACC-0185,John,Padilla,Senior Data Engineer,john.padilla@example.com,Technical Evaluator
CON-0226,ACC-0032,Austin,Evans,Director of Infrastructure,austin.evans@example.com,Technical Evaluator
CON-0227,ACC-0089,Sharon,Underwood,Chief Data Officer,sharon.underwood@example.com,Technical Evaluator
CON-0228,ACC-0011,Allison,Newton,Senior Data Engineer,allison.newton@example.com,Champion
CON-0229,ACC-0021,Amanda,Park,Staff Software Engineer,amanda.park@example.com,Technical Evaluator
CON-0230,ACC-0168,Travis,Bright,Senior Data Engineer,travis.bright@example.com,Champion
CON-0231,ACC-0123,John,Valdez,Director of Platform Engineering,john.valdez@example.com,Economic Buyer
CON-0232,ACC-0138,David,Jones,Senior Data Engineer,david.jones@example.com,Champion
CON-0233,ACC-0179,Brandi,Williams,Senior Data Engineer,brandi.williams@example.com,Economic Buyer
CON-0234,ACC-0028,Richard,Steele,Director of Platform Engineering,richard.steele@example.com,Economic Buyer
CON-0235,ACC-0013,Diane,Kelly,Director of Platform Engineering,diane.kelly@example.com,Champion
CON-0236,ACC-0060,Robert,King,VP of Engineering,robert.king@example.com,Economic Buyer
CON-0237,ACC-0106,Nicole,Miller,Staff Software Engineer,nicole.miller@example.com,Champion
CON-0238,ACC-0121,Douglas,Thompson,Head of Data Engineering,douglas.thompson@example.com,Champion
CON-0239,ACC-0198,Brett,Davis,Chief Data Officer,brett.davis@example.com,Economic Buyer
CON-0240,ACC-0141,Diana,White,Chief Data Officer,diana.white@example.com,Technical Evaluator
CON-0241,ACC-0168,Jasmine,Mcdaniel,VP of Data Science,jasmine.mcdaniel@example.com,Technical Evaluator
CON-0242,ACC-0167,Brian,Jones,Director of Platform Engineering,brian.jones@example.com,Technical Evaluator
CON-0243,ACC-0083,David,Moon,Senior Data Engineer,david.moon@example.com,Champion
CON-0244,ACC-0016,Kevin,Rodriguez,Head of Data Engineering,kevin.rodriguez@example.com,Champion
CON-0245,ACC-0147,Teresa,Stewart,Director of Platform Engineering,teresa.stewart@example.com,Champion
CON-0246,ACC-0190,Matthew,Carpenter,VP of Engineering,matthew.carpenter@example.com,Economic Buyer
CON-0247,ACC-0107,David,Thornton,Chief Data Officer,david.thornton@example.com,Economic Buyer
CON-0248,ACC-0102,Michael,Martin,VP of Data Science,michael.martin@example.com,Economic Buyer
CON-0249,ACC-0192,Anthony,Hernandez,Senior Data Engineer,anthony.hernandez@example.com,Economic Buyer
CON-0250,ACC-0003,Nina,Sanders,Senior Data Engineer,nina.sanders@example.com,Champion
CON-0251,ACC-0155,Anthony,Nguyen,Head of Data Engineering,anthony.nguyen@example.com,Technical Evaluator
CON-0252,ACC-0073,Julia,Olson,VP of Data Science,julia.olson@example.com,Champion
CON-0253,ACC-0140,Emily,Mcclure,VP of Data Science,emily.mcclure@example.com,Economic Buyer
CON-0254,ACC-0130,Hannah,Coleman,VP of Data Science,hannah.coleman@example.com,Technical Evaluator
CON-0255,ACC-0050,David,Smith,Head of Data Engineering,david.smith@example.com,Technical Evaluator
CON-0256,ACC-0042,Michael,James,VP of Data Science,michael.james@example.com,Champion
CON-0257,ACC-0066,Rodney,Nielsen,Chief Data Officer,rodney.nielsen@example.com,Economic Buyer
CON-0258,ACC-0189,Joshua,Fitzpatrick,Staff Software Engineer,joshua.fitzpatrick@example.com,Technical Evaluator
CON-0259,ACC-0146,Brian,Rios,Director of Platform Engineering,brian.rios@example.com,Economic Buyer
CON-0260,ACC-0157,Charles,Bentley,Director of Infrastructure,charles.bentley@example.com,Technical Evaluator
CON-0261,ACC-0132,Emily,Brown,Staff Software Engineer,emily.brown@example.com,Economic Buyer
CON-0262,ACC-0103,Micheal,Underwood,Head of Data Engineering,micheal.underwood@example.com,Economic Buyer
CON-0263,ACC-0036,Vicki,Rodriguez,VP of Data Science,vicki.rodriguez@example.com,Technical Evaluator
CON-0264,ACC-0064,William,Stewart,VP of Engineering,william.stewart@example.com,Technical Evaluator
CON-0265,ACC-0099,Steven,Lee,Director of Platform Engineering,steven.lee@example.com,Technical Evaluator
CON-0266,ACC-0193,Dillon,Cruz,Senior Data Engineer,dillon.cruz@example.com,Technical Evaluator
CON-0267,ACC-0078,Cody,Wilson,VP of Engineering,cody.wilson@example.com,Technical Evaluator
CON-0268,ACC-0168,Rebecca,Turner,Staff Software Engineer,rebecca.turner@example.com,Champion
CON-0269,ACC-0061,Donna,Johnson,VP of Engineering,donna.johnson@example.com,Champion
CON-0270,ACC-0031,Aaron,Aguilar,VP of Data Science,aaron.aguilar@example.com,Technical Evaluator
CON-0271,ACC-0041,David,Curry,Director of Infrastructure,david.curry@example.com,Champion
CON-0272,ACC-0129,Robert,Joyce,Senior Data Engineer,robert.joyce@example.com,Champion
CON-0273,ACC-0031,Micheal,Gonzales,Senior Data Engineer,micheal.gonzales@example.com,Technical Evaluator
CON-0274,ACC-0158,Matthew,Watson,Director of Platform Engineering,matthew.watson@example.com,Economic Buyer
CON-0275,ACC-0035,Tonya,Tapia,VP of Data Science,tonya.tapia@example.com,Economic Buyer
CON-0276,ACC-0117,Jason,Mitchell,Staff Software Engineer,jason.mitchell@example.com,Technical Evaluator
CON-0277,ACC-0180,Debra,Dean,VP of Data Science,debra.dean@example.com,Champion
CON-0278,ACC-0171,Jill,Thomas,Director of Platform Engineering,jill.thomas@example.com,Economic Buyer
CON-0279,ACC-0175,Pamela,Armstrong,Head of Data Engineering,pamela.armstrong@example.com,Champion
CON-0280,ACC-0115,Christian,Brown,Staff Software Engineer,christian.brown@example.com,Economic Buyer
CON-0281,ACC-0145,Vanessa,Wheeler,Head of Data Engineering,vanessa.wheeler@example.com,Economic Buyer
CON-0282,ACC-0141,Michael,Thompson,Director of Platform Engineering,michael.thompson@example.com,Champion
CON-0283,ACC-0138,Whitney,Fleming,Chief Data Officer,whitney.fleming@example.com,Economic Buyer
CON-0284,ACC-0084,Jocelyn,Stevens,VP of Data Science,jocelyn.stevens@example.com,Economic Buyer
CON-0285,ACC-0175,Vincent,Leonard,Director of Platform Engineering,vincent.leonard@example.com,Champion
CON-0286,ACC-0150,Andrea,Gonzalez,VP of Data Science,andrea.gonzalez@example.com,Economic Buyer
CON-0287,ACC-0131,Raymond,Wagner,VP of Data Science,raymond.wagner@example.com,Economic Buyer
CON-0288,ACC-0117,Jennifer,Garcia,Chief Data Officer,jennifer.garcia@example.com,Champion
CON-0289,ACC-0107,Noah,Ferguson,VP of Data Science,noah.ferguson@example.com,Champion
CON-0290,ACC-0015,Elizabeth,Mcintosh,VP of Data Science,elizabeth.mcintosh@example.com,Champion
CON-0291,ACC-0079,Juan,Simpson,VP of Engineering,juan.simpson@example.com,Technical Evaluator
CON-0292,ACC-0066,Bryan,Carpenter,VP of Engineering,bryan.carpenter@example.com,Champion
CON-0293,ACC-0056,Natalie,Terrell,Head of Data Engineering,natalie.terrell@example.com,Economic Buyer
CON-0294,ACC-0109,Alexander,Shaw,Staff Software Engineer,alexander.shaw@example.com,Champion
CON-0295,ACC-0017,Emily,Walker,VP of Engineering,emily.walker@example.com,Economic Buyer
CON-0296,ACC-0121,Heather,Baker,VP of Engineering,heather.baker@example.com,Technical Evaluator
CON-0297,ACC-0105,Kayla,Murphy,Chief Data Officer,kayla.murphy@example.com,Economic Buyer
CON-0298,ACC-0197,Joseph,Combs,Director of Infrastructure,joseph.combs@example.com,Technical Evaluator
CON-0299,ACC-0098,Cathy,Swanson,VP of Data Science,cathy.swanson@example.com,Technical Evaluator
CON-0300,ACC-0097,Rachel,Mills,Head of Data Engineering,rachel.mills@example.com,Champion
CON-0301,ACC-0170,Jack,Sanchez,Chief Data Officer,jack.sanchez@example.com,Champion
CON-0302,ACC-0090,Melissa,Nguyen,Head of Data Engineering,melissa.nguyen@example.com,Economic Buyer
CON-0303,ACC-0138,Jason,Wilson,Director of Infrastructure,jason.wilson@example.com,Champion
CON-0304,ACC-0033,Daniel,Spencer,Director of Platform Engineering,daniel.spencer@example.com,Economic Buyer
CON-0305,ACC-0194,Barry,Williams,VP of Engineering,barry.williams@example.com,Technical Evaluator
CON-0306,ACC-0119,James,Caldwell,Director of Infrastructure,james.caldwell@example.com,Champion
CON-0307,ACC-0098,Timothy,Moore,Director of Platform Engineering,timothy.moore@example.com,Economic Buyer
CON-0308,ACC-0118,Jason,Allen,Staff Software Engineer,jason.allen@example.com,Economic Buyer
CON-0309,ACC-0071,Mark,Nelson,Director of Platform Engineering,mark.nelson@example.com,Champion
CON-0310,ACC-0196,Richard,Holland,Head of Data Engineering,richard.holland@example.com,Economic Buyer
CON-0311,ACC-0170,Briana,Spencer,Director of Infrastructure,briana.spencer@example.com,Champion
CON-0312,ACC-0197,Phillip,Schultz,VP of Engineering,phillip.schultz@example.com,Economic Buyer
CON-0313,ACC-0053,David,Robertson,Head of Data Engineering,david.robertson@example.com,Economic Buyer
CON-0314,ACC-0153,Jennifer,Stewart,VP of Engineering,jennifer.stewart@example.com,Technical Evaluator
CON-0315,ACC-0154,Curtis,Hernandez,VP of Engineering,curtis.hernandez@example.com,Economic Buyer
CON-0316,ACC-0190,Robert,Santos,VP of Engineering,robert.santos@example.com,Technical Evaluator
CON-0317,ACC-0113,Jason,Matthews,Director of Platform Engineering,jason.matthews@example.com,Champion
CON-0318,ACC-0056,Crystal,Hicks,VP of Engineering,crystal.hicks@example.com,Economic Buyer
CON-0319,ACC-0129,Gregory,Clark,Senior Data Engineer,gregory.clark@example.com,Economic Buyer
CON-0320,ACC-0188,Trevor,Ellis,Staff Software Engineer,trevor.ellis@example.com,Champion
CON-0321,ACC-0154,Jacqueline,Briggs,Staff Software Engineer,jacqueline.briggs@example.com,Economic Buyer
CON-0322,ACC-0078,Melissa,Hartman,Chief Data Officer,melissa.hartman@example.com,Champion
CON-0323,ACC-0134,Megan,Carpenter,Director of Platform Engineering,megan.carpenter@example.com,Technical Evaluator
CON-0324,ACC-0077,Bethany,Scott,Senior Data Engineer,bethany.scott@example.com,Economic Buyer
CON-0325,ACC-0143,Cody,Knight,Chief Data Officer,cody.knight@example.com,Champion
CON-0326,ACC-0174,Vincent,Park,Director of Infrastructure,vincent.park@example.com,Champion
CON-0327,ACC-0127,Jonathan,Pace,VP of Engineering,jonathan.pace@example.com,Technical Evaluator
CON-0328,ACC-0165,Michele,Perry,Director of Infrastructure,michele.perry@example.com,Champion
CON-0329,ACC-0082,James,Mendoza,Director of Infrastructure,james.mendoza@example.com,Technical Evaluator
CON-0330,ACC-0039,Jennifer,Cohen,Senior Data Engineer,jennifer.cohen@example.com,Technical Evaluator
CON-0331,ACC-0048,Joseph,Caldwell,VP of Data Science,joseph.caldwell@example.com,Economic Buyer
CON-0332,ACC-0058,Jeffery,Hernandez,Senior Data Engineer,jeffery.hernandez@example.com,Champion
CON-0333,ACC-0037,Melvin,Shaw,VP of Data Science,melvin.shaw@example.com,Economic Buyer
CON-0334,ACC-0144,Mark,Hall,Director of Infrastructure,mark.hall@example.com,Technical Evaluator
CON-0335,ACC-0143,Tracy,Nelson,Chief Data Officer,tracy.nelson@example.com,Technical Evaluator
CON-0336,ACC-0063,Melissa,Ford,Senior Data Engineer,melissa.ford@example.com,Economic Buyer
CON-0337,ACC-0085,Logan,Brooks,Head of Data Engineering,logan.brooks@example.com,Technical Evaluator
CON-0338,ACC-0095,Kristin,Taylor,Head of Data Engineering,kristin.taylor@example.com,Champion
CON-0339,ACC-0186,Mary,Watts,Director of Platform Engineering,mary.watts@example.com,Economic Buyer
CON-0340,ACC-0069,Diana,Boyd,Director of Infrastructure,diana.boyd@example.com,Champion
CON-0341,ACC-0155,Julia,Mccoy,VP of Engineering,julia.mccoy@example.com,Economic Buyer
CON-0342,ACC-0049,Monica,Clark,Director of Platform Engineering,monica.clark@example.com,Technical Evaluator
CON-0343,ACC-0054,Daniel,Burton,Staff Software Engineer,daniel.burton@example.com,Technical Evaluator
CON-0344,ACC-0004,Matthew,Hanson,Director of Platform Engineering,matthew.hanson@example.com,Economic Buyer
CON-0345,ACC-0190,Laura,Rogers,Head of Data Engineering,laura.rogers@example.com,Champion
CON-0346,ACC-0194,Christopher,Morris,VP of Data Science,christopher.morris@example.com,Economic Buyer
CON-0347,ACC-0179,Brandon,Anderson,Director of Platform Engineering,brandon.anderson@example.com,Technical Evaluator
CON-0348,ACC-0062,Kristen,Morton,Staff Software Engineer,kristen.morton@example.com,Technical Evaluator
CON-0349,ACC-0098,Christian,Jackson,VP of Data Science,christian.jackson@example.com,Champion
CON-0350,ACC-0167,Peter,Miller,Staff Software Engineer,peter.miller@example.com,Technical Evaluator
CON-0351,ACC-0067,Carolyn,Butler,Staff Software Engineer,carolyn.butler@example.com,Champion
CON-0352,ACC-0128,Richard,Caldwell,VP of Data Science,richard.caldwell@example.com,Economic Buyer
CON-0353,ACC-0185,Jonathan,Young,VP of Data Science,jonathan.young@example.com,Technical Evaluator
CON-0354,ACC-0053,Seth,Myers,Staff Software Engineer,seth.myers@example.com,Technical Evaluator
CON-0355,ACC-0106,Steven,Lee,VP of Engineering,steven.lee@example.com,Champion
CON-0356,ACC-0057,Zachary,Brown,Chief Data Officer,zachary.brown@example.com,Economic Buyer
CON-0357,ACC-0067,Julie,Castillo,Director of Infrastructure,julie.castillo@example.com,Technical Evaluator
CON-0358,ACC-0040,Kristen,Howard,Director of Platform Engineering,kristen.howard@example.com,Technical Evaluator
CON-0359,ACC-0059,Paula,Wood,Director of Infrastructure,paula.wood@example.com,Champion
CON-0360,ACC-0063,Christine,Donovan,VP of Data Science,christine.donovan@example.com,Champion
CON-0361,ACC-0168,Joan,Rivera,Staff Software Engineer,joan.rivera@example.com,Technical Evaluator
CON-0362,ACC-0196,Rachael,Smith,VP of Data Science,rachael.smith@example.com,Champion
CON-0363,ACC-0165,Priscilla,Gay,VP of Data Science,priscilla.gay@example.com,Technical Evaluator
CON-0364,ACC-0044,Michael,Barnes,Staff Software Engineer,michael.barnes@example.com,Economic Buyer
CON-0365,ACC-0036,Gregory,Glass,VP of Data Science,gregory.glass@example.com,Economic Buyer
CON-0366,ACC-0139,Carolyn,Wilson,VP of Engineering,carolyn.wilson@example.com,Champion
CON-0367,ACC-0009,Richard,Anderson,Head of Data Engineering,richard.anderson@example.com,Champion
CON-0368,ACC-0013,Luis,Gordon,VP of Engineering,luis.gordon@example.com,Technical Evaluator
CON-0369,ACC-0036,Christopher,Lowery,Director of Platform Engineering,christopher.lowery@example.com,Economic Buyer
CON-0370,ACC-0182,Nicholas,Robbins,Chief Data Officer,nicholas.robbins@example.com,Economic Buyer
CON-0371,ACC-0056,Stephen,Porter,VP of Data Science,stephen.porter@example.com,Technical Evaluator
CON-0372,ACC-0016,Darren,Harrell,VP of Data Science,darren.harrell@example.com,Champion
CON-0373,ACC-0125,Bobby,Bradshaw,VP of Engineering,bobby.bradshaw@example.com,Economic Buyer
CON-0374,ACC-0137,Andre,Cobb,Director of Infrastructure,andre.cobb@example.com,Economic Buyer
CON-0375,ACC-0005,Wendy,Walker,Senior Data Engineer,wendy.walker@example.com,Champion
CON-0376,ACC-0074,Hayley,Moore,VP of Engineering,hayley.moore@example.com,Champion
CON-0377,ACC-0179,Corey,Clark,Director of Infrastructure,corey.clark@example.com,Economic Buyer
CON-0378,ACC-0028,Zachary,Hill,Head of Data Engineering,zachary.hill@example.com,Champion
CON-0379,ACC-0039,Nicholas,Bailey,Director of Platform Engineering,nicholas.bailey@example.com,Economic Buyer
CON-0380,ACC-0159,Olivia,Hinton,Senior Data Engineer,olivia.hinton@example.com,Technical Evaluator
CON-0381,ACC-0069,Edward,Wells,Director of Infrastructure,edward.wells@example.com,Economic Buyer
CON-0382,ACC-0096,Gabriel,Mays,Director of Infrastructure,gabriel.mays@example.com,Technical Evaluator
CON-0383,ACC-0145,Jason,Poole,Director of Platform Engineering,jason.poole@example.com,Champion
CON-0384,ACC-0058,Alexander,Trujillo,Senior Data Engineer,alexander.trujillo@example.com,Champion
CON-0385,ACC-0021,Victoria,Campbell,VP of Engineering,victoria.campbell@example.com,Economic Buyer
CON-0386,ACC-0104,Megan,Williams,Director of Infrastructure,megan.williams@example.com,Technical Evaluator
CON-0387,ACC-0142,Carlos,Campos,VP of Data Science,carlos.campos@example.com,Economic Buyer
CON-0388,ACC-0164,Travis,Kelly,VP of Engineering,travis.kelly@example.com,Champion
CON-0389,ACC-0044,Jasmine,Mitchell,Head of Data Engineering,jasmine.mitchell@example.com,Technical Evaluator
CON-0390,ACC-0112,Gary,Anderson,Staff Software Engineer,gary.anderson@example.com,Champion
CON-0391,ACC-0025,Heidi,Tanner,VP of Engineering,heidi.tanner@example.com,Economic Buyer
CON-0392,ACC-0055,Phillip,Hinton,VP of Data Science,phillip.hinton@example.com,Technical Evaluator
CON-0393,ACC-0012,Robert,Hurley,Head of Data Engineering,robert.hurley@example.com,Champion
CON-0394,ACC-0072,Jessica,Vance,VP of Engineering,jessica.vance@example.com,Economic Buyer
CON-0395,ACC-0081,Aaron,Stevenson,VP of Engineering,aaron.stevenson@example.com,Economic Buyer
CON-0396,ACC-0151,Matthew,Martin,Chief Data Officer,matthew.martin@example.com,Champion
CON-0397,ACC-0102,Eric,Sanchez,Head of Data Engineering,eric.sanchez@example.com,Technical Evaluator
CON-0398,ACC-0042,Angela,Thomas,Director of Platform Engineering,angela.thomas@example.com,Champion
CON-0399,ACC-0100,Charlene,Carter,Staff Software Engineer,charlene.carter@example.com,Technical Evaluator
CON-0400,ACC-0194,Nancy,Walker,Chief Data Officer,nancy.walker@example.com,Champion
CON-0401,ACC-0186,Kendra,Gonzalez,Head of Data Engineering,kendra.gonzalez@example.com,Champion
CON-0402,ACC-0191,Stephen,Patton,Staff Software Engineer,stephen.patton@example.com,Economic Buyer
CON-0403,ACC-0026,Charles,Taylor,Director of Infrastructure,charles.taylor@example.com,Economic Buyer
CON-0404,ACC-0020,Jennifer,Ayala,Staff Software Engineer,jennifer.ayala@example.com,Champion
CON-0405,ACC-0197,Shannon,Ford,Director of Infrastructure,shannon.ford@example.com,Technical Evaluator
CON-0406,ACC-0008,Jennifer,Perez,Senior Data Engineer,jennifer.perez@example.com,Technical Evaluator
CON-0407,ACC-0126,Julia,Estes,Director of Platform Engineering,julia.estes@example.com,Technical Evaluator
CON-0408,ACC-0142,Tonya,Perez,Director of Infrastructure,tonya.perez@example.com,Technical Evaluator
CON-0409,ACC-0048,Nicholas,Wright,Director of Infrastructure,nicholas.wright@example.com,Economic Buyer
CON-0410,ACC-0198,Michael,Bean,Senior Data Engineer,michael.bean@example.com,Economic Buyer
CON-0411,ACC-0183,Vanessa,Doyle,Head of Data Engineering,vanessa.doyle@example.com,Economic Buyer
CON-0412,ACC-0069,Rebecca,Nelson,Chief Data Officer,rebecca.nelson@example.com,Technical Evaluator
CON-0413,ACC-0183,Wendy,Williams,Chief Data Officer,wendy.williams@example.com,Champion
CON-0414,ACC-0100,Lawrence,Baker,Staff Software Engineer,lawrence.baker@example.com,Technical Evaluator
CON-0415,ACC-0028,Derek,Meyer,Head of Data Engineering,derek.meyer@example.com,Economic Buyer
CON-0416,ACC-0079,Robin,Villegas,VP of Data Science,robin.villegas@example.com,Technical Evaluator
CON-0417,ACC-0195,Kaylee,Herrera,Senior Data Engineer,kaylee.herrera@example.com,Economic Buyer
CON-0418,ACC-0034,Daniel,Jackson,Head of Data Engineering,daniel.jackson@example.com,Economic Buyer
CON-0419,ACC-0111,Andrea,Stevenson,VP of Data Science,andrea.stevenson@example.com,Champion
CON-0420,ACC-0143,John,Sherman,Director of Infrastructure,john.sherman@example.com,Economic Buyer
CON-0421,ACC-0007,Donald,Lambert,Head of Data Engineering,donald.lambert@example.com,Technical Evaluator
CON-0422,ACC-0142,Angel,Davis,Head of Data Engineering,angel.davis@example.com,Champion
CON-0423,ACC-0154,Dylan,Rice,Staff Software Engineer,dylan.rice@example.com,Technical Evaluator
CON-0424,ACC-0004,Rodney,Arnold,Senior Data Engineer,rodney.arnold@example.com,Technical Evaluator
CON-0425,ACC-0100,Margaret,Walker,Head of Data Engineering,margaret.walker@example.com,Champion
CON-0426,ACC-0144,Crystal,Randall,Director of Platform Engineering,crystal.randall@example.com,Champion
CON-0427,ACC-0134,Erica,Ayala,Chief Data Officer,erica.ayala@example.com,Champion
CON-0428,ACC-0098,Douglas,Watson,Chief Data Officer,douglas.watson@example.com,Economic Buyer
CON-0429,ACC-0069,Chase,Owens,Senior Data Engineer,chase.owens@example.com,Technical Evaluator
CON-0430,ACC-0127,Daniel,Castro,Chief Data Officer,daniel.castro@example.com,Economic Buyer
CON-0431,ACC-0043,Adam,Foster,Director of Infrastructure,adam.foster@example.com,Technical Evaluator
CON-0432,ACC-0108,Ronald,Fry,Senior Data Engineer,ronald.fry@example.com,Technical Evaluator
CON-0433,ACC-0020,Trevor,Robertson,Staff Software Engineer,trevor.robertson@example.com,Technical Evaluator
CON-0434,ACC-0064,Robert,Glenn,VP of Data Science,robert.glenn@example.com,Champion
CON-0435,ACC-0158,Isaac,Rice,Director of Platform Engineering,isaac.rice@example.com,Technical Evaluator
CON-0436,ACC-0028,Rachel,Morse,Chief Data Officer,rachel.morse@example.com,Technical Evaluator
CON-0437,ACC-0002,Erin,Wells,Director of Infrastructure,erin.wells@example.com,Technical Evaluator
CON-0438,ACC-0159,Kimberly,Munoz,Director of Infrastructure,kimberly.munoz@example.com,Technical Evaluator
CON-0439,ACC-0113,Matthew,Thomas,Staff Software Engineer,matthew.thomas@example.com,Technical Evaluator
CON-0440,ACC-0167,Lori,Hunt,Chief Data Officer,lori.hunt@example.com,Technical Evaluator
CON-0441,ACC-0083,Scott,Rogers,Director of Platform Engineering,scott.rogers@example.com,Technical Evaluator
CON-0442,ACC-0081,James,Harding,Chief Data Officer,james.harding@example.com,Technical Evaluator
CON-0443,ACC-0082,Jennifer,Fletcher,Senior Data Engineer,jennifer.fletcher@example.com,Champion
CON-0444,ACC-0178,Julie,Ramirez,VP of Data Science,julie.ramirez@example.com,Champion
CON-0445,ACC-0063,John,Marquez,Staff Software Engineer,john.marquez@example.com,Technical Evaluator
CON-0446,ACC-0072,Caitlin,Martinez,Director of Infrastructure,caitlin.martinez@example.com,Technical Evaluator
CON-0447,ACC-0030,Dakota,Johnson,Director of Platform Engineering,dakota.johnson@example.com,Champion
CON-0448,ACC-0140,Adam,Henry,Chief Data Officer,adam.henry@example.com,Champion
CON-0449,ACC-0197,Stacy,Lee,VP of Engineering,stacy.lee@example.com,Champion
CON-0450,ACC-0119,Diane,Johnson,Director of Platform Engineering,diane.johnson@example.com,Technical Evaluator
CON-0451,ACC-0075,Michelle,Durham,Head of Data Engineering,michelle.durham@example.com,Technical Evaluator
CON-0452,ACC-0173,Christopher,Reyes,VP of Data Science,christopher.reyes@example.com,Economic Buyer
CON-0453,ACC-0163,Daniel,Williams,Senior Data Engineer,daniel.williams@example.com,Economic Buyer
CON-0454,ACC-0065,Brandon,Jenkins,Chief Data Officer,brandon.jenkins@example.com,Champion
CON-0455,ACC-0109,Shelia,Gomez,Director of Infrastructure,shelia.gomez@example.com,Economic Buyer
CON-0456,ACC-0115,Ernest,Griffin,VP of Data Science,ernest.griffin@example.com,Champion
CON-0457,ACC-0103,Cynthia,Chavez,Director of Infrastructure,cynthia.chavez@example.com,Champion
CON-0458,ACC-0010,Tamara,Olsen,Staff Software Engineer,tamara.olsen@example.com,Champion
CON-0459,ACC-0138,Anne,Hernandez,Head of Data Engineering,anne.hernandez@example.com,Economic Buyer
CON-0460,ACC-0197,Jonathan,Blake,Director of Platform Engineering,jonathan.blake@example.com,Champion
CON-0461,ACC-0171,Carla,Martinez,Staff Software Engineer,carla.martinez@example.com,Economic Buyer
CON-0462,ACC-0166,John,Perry,VP of Engineering,john.perry@example.com,Champion
CON-0463,ACC-0166,Barbara,Allen,Director of Infrastructure,barbara.allen@example.com,Technical Evaluator
CON-0464,ACC-0111,Kathryn,Turner,Head of Data Engineering,kathryn.turner@example.com,Economic Buyer
CON-0465,ACC-0026,Andrew,Davidson,Senior Data Engineer,andrew.davidson@example.com,Economic Buyer
CON-0466,ACC-0131,Chelsea,Mitchell,Director of Platform Engineering,chelsea.mitchell@example.com,Technical Evaluator
CON-0467,ACC-0096,Sarah,Hendrix,Director of Infrastructure,sarah.hendrix@example.com,Technical Evaluator
CON-0468,ACC-0198,Maria,Arnold,Chief Data Officer,maria.arnold@example.com,Technical Evaluator
CON-0469,ACC-0007,Sierra,Allen,VP of Data Science,sierra.allen@example.com,Economic Buyer
CON-0470,ACC-0076,Gwendolyn,Smith,Director of Infrastructure,gwendolyn.smith@example.com,Economic Buyer
CON-0471,ACC-0030,Mark,Coleman,Chief Data Officer,mark.coleman@example.com,Technical Evaluator
CON-0472,ACC-0080,Alexander,Lucas,Staff Software Engineer,alexander.lucas@example.com,Technical Evaluator
CON-0473,ACC-0053,Thomas,Gomez,VP of Data Science,thomas.gomez@example.com,Technical Evaluator
CON-0474,ACC-0122,Theresa,Strickland,Head of Data Engineering,theresa.strickland@example.com,Technical Evaluator
CON-0475,ACC-0185,Carlos,Phillips,VP of Data Science,carlos.phillips@example.com,Technical Evaluator
CON-0476,ACC-0018,Martin,Richardson,Senior Data Engineer,martin.richardson@example.com,Economic Buyer
CON-0477,ACC-0182,Joshua,Nguyen,Head of Data Engineering,joshua.nguyen@example.com,Economic Buyer
CON-0478,ACC-0088,Kristen,Lowe,Head of Data Engineering,kristen.lowe@example.com,Champion
CON-0479,ACC-0043,Donna,Neal,Director of Platform Engineering,donna.neal@example.com,Champion
CON-0480,ACC-0045,Carol,Carr,Chief Data Officer,carol.carr@example.com,Technical Evaluator
CON-0481,ACC-0144,Christie,Mercer,Director of Infrastructure,christie.mercer@example.com,Technical Evaluator
CON-0482,ACC-0060,Scott,Miller,Director of Infrastructure,scott.miller@example.com,Champion
CON-0483,ACC-0048,Amy,Lewis,Chief Data Officer,amy.lewis@example.com,Champion
CON-0484,ACC-0169,Michelle,Harvey,Director of Infrastructure,michelle.harvey@example.com,Technical Evaluator
CON-0485,ACC-0008,James,Roach,Director of Platform Engineering,james.roach@example.com,Technical Evaluator
CON-0486,ACC-0152,Nichole,Ward,Director of Infrastructure,nichole.ward@example.com,Technical Evaluator
CON-0487,ACC-0002,Michael,Delgado,Director of Platform Engineering,michael.delgado@example.com,Economic Buyer
CON-0488,ACC-0072,Robert,Serrano,Head of Data Engineering,robert.serrano@example.com,Champion
CON-0489,ACC-0027,Nicholas,Cooper,Chief Data Officer,nicholas.cooper@example.com,Technical Evaluator
CON-0490,ACC-0084,Adrienne,Ramirez,Director of Platform Engineering,adrienne.ramirez@example.com,Technical Evaluator
CON-0491,ACC-0030,Darius,Bell,Senior Data Engineer,darius.bell@example.com,Champion
CON-0492,ACC-0126,Laura,Wood,Staff Software Engineer,laura.wood@example.com,Champion
CON-0493,ACC-0100,Andrew,Knox,Director of Infrastructure,andrew.knox@example.com,Champion
CON-0494,ACC-0030,Kenneth,Strickland,Staff Software Engineer,kenneth.strickland@example.com,Technical Evaluator
CON-0495,ACC-0118,Elizabeth,Thompson,Chief Data Officer,elizabeth.thompson@example.com,Champion
CON-0496,ACC-0181,Tina,Carr,Senior Data Engineer,tina.carr@example.com,Champion
CON-0497,ACC-0152,Sean,Bailey,Head of Data Engineering,sean.bailey@example.com,Champion
CON-0498,ACC-0035,Leonard,Salas,Staff Software Engineer,leonard.salas@example.com,Economic Buyer
CON-0499,ACC-0062,Nicole,Knox,Senior Data Engineer,nicole.knox@example.com,Economic Buyer
CON-0500,ACC-0047,Jean,Shaw,Staff Software Engineer,jean.shaw@example.com,Champion
CON-0501,ACC-0037,Aaron,Contreras,Director of Infrastructure,aaron.contreras@example.com,Technical Evaluator
CON-0502,ACC-0153,Rebecca,Zimmerman,Chief Data Officer,rebecca.zimmerman@example.com,Champion
CON-0503,ACC-0099,Daniel,Griffin,Director of Infrastructure,daniel.griffin@example.com,Economic Buyer
CON-0504,ACC-0125,Lance,Gaines,Chief Data Officer,lance.gaines@example.com,Champion
CON-0505,ACC-0043,Kenneth,Larson,VP of Data Science,kenneth.larson@example.com,Technical Evaluator
CON-0506,ACC-0036,Monica,Lyons,Chief Data Officer,monica.lyons@example.com,Technical Evaluator
CON-0507,ACC-0116,Emily,Kennedy,VP of Engineering,emily.kennedy@example.com,Technical Evaluator
CON-0508,ACC-0003,Margaret,Wilson,VP of Data Science,margaret.wilson@example.com,Economic Buyer
CON-0509,ACC-0050,Gregory,Walter,Director of Infrastructure,gregory.walter@example.com,Champion
CON-0510,ACC-0130,Brett,Sanders,VP of Data Science,brett.sanders@example.com,Technical Evaluator
CON-0511,ACC-0176,Jessica,Knapp,VP of Data Science,jessica.knapp@example.com,Technical Evaluator
CON-0512,ACC-0182,Maria,Ballard,VP of Data Science,maria.ballard@example.com,Technical Evaluator
CON-0513,ACC-0043,Steven,Phillips,Head of Data Engineering,steven.phillips@example.com,Champion
CON-0514,ACC-0008,Joyce,Ortega,Director of Platform Engineering,joyce.ortega@example.com,Technical Evaluator
CON-0515,ACC-0009,Edward,Martinez,Senior Data Engineer,edward.martinez@example.com,Economic Buyer
CON-0516,ACC-0138,Amanda,Kelly,Senior Data Engineer,amanda.kelly@example.com,Economic Buyer
CON-0517,ACC-0200,Rebecca,Knight,VP of Data Science,rebecca.knight@example.com,Champion
CON-0518,ACC-0191,Kristin,Gomez,VP of Data Science,kristin.gomez@example.com,Champion
CON-0519,ACC-0131,Matthew,Davis,Head of Data Engineering,matthew.davis@example.com,Champion
CON-0520,ACC-0030,James,Baker,Senior Data Engineer,james.baker@example.com,Champion
CON-0521,ACC-0094,Emily,Carr,VP of Engineering,emily.carr@example.com,Champion
CON-0522,ACC-0113,Amanda,Huang,Director of Platform Engineering,amanda.huang@example.com,Technical Evaluator
CON-0523,ACC-0027,Michelle,Torres,Director of Platform Engineering,michelle.torres@example.com,Technical Evaluator
CON-0524,ACC-0009,Meghan,Barker,VP of Data Science,meghan.barker@example.com,Technical Evaluator
CON-0525,ACC-0090,Dawn,Thompson,Head of Data Engineering,dawn.thompson@example.com,Technical Evaluator
CON-0526,ACC-0031,Stacey,Mcknight,Director of Platform Engineering,stacey.mcknight@example.com,Economic Buyer
CON-0527,ACC-0189,Linda,Goodman,Staff Software Engineer,linda.goodman@example.com,Champion
CON-0528,ACC-0157,John,Davis,Director of Infrastructure,john.davis@example.com,Economic Buyer
CON-0529,ACC-0158,Andrew,Leon,Chief Data Officer,andrew.leon@example.com,Economic Buyer
CON-0530,ACC-0053,Erin,Ponce,VP of Engineering,erin.ponce@example.com,Champion
CON-0531,ACC-0090,Julie,Patel,Senior Data Engineer,julie.patel@example.com,Champion
CON-0532,ACC-0138,Cindy,Mcmahon,Chief Data Officer,cindy.mcmahon@example.com,Technical Evaluator
CON-0533,ACC-0181,Lisa,Love,Senior Data Engineer,lisa.love@example.com,Technical Evaluator
CON-0534,ACC-0147,Amanda,Anderson,Senior Data Engineer,amanda.anderson@example.com,Champion
CON-0535,ACC-0174,Jacob,Barnett,Head of Data Engineering,jacob.barnett@example.com,Economic Buyer
CON-0536,ACC-0193,Tracy,Ruiz,Director of Infrastructure,tracy.ruiz@example.com,Economic Buyer
CON-0537,ACC-0071,Ronald,Cunningham,Chief Data Officer,ronald.cunningham@example.com,Champion
CON-0538,ACC-0034,Jennifer,Thomas,Director of Platform Engineering,jennifer.thomas@example.com,Economic Buyer
CON-0539,ACC-0183,Billy,Collins,Staff Software Engineer,billy.collins@example.com,Economic Buyer
CON-0540,ACC-0195,Cindy,Mcdonald,Director of Infrastructure,cindy.mcdonald@example.com,Technical Evaluator
CON-0541,ACC-0037,Scott,White,Senior Data Engineer,scott.white@example.com,Champion
CON-0542,ACC-0107,Sarah,Patrick,Director of Infrastructure,sarah.patrick@example.com,Technical Evaluator
CON-0543,ACC-0020,Eric,Craig,Head of Data Engineering,eric.craig@example.com,Technical Evaluator
CON-0544,ACC-0132,Claudia,Kirk,Senior Data Engineer,claudia.kirk@example.com,Champion
CON-0545,ACC-0095,Robert,Gomez,VP of Data Science,robert.gomez@example.com,Technical Evaluator
CON-0546,ACC-0084,Kim,Taylor,VP of Engineering,kim.taylor@example.com,Champion
CON-0547,ACC-0024,David,Hanson,VP of Data Science,david.hanson@example.com,Champion
CON-0548,ACC-0171,Allison,Francis,Staff Software Engineer,allison.francis@example.com,Economic Buyer
CON-0549,ACC-0137,Nicole,Bennett,Director of Infrastructure,nicole.bennett@example.com,Economic Buyer
CON-0550,ACC-0110,Kevin,Mccall,Director of Platform Engineering,kevin.mccall@example.com,Technical Evaluator
CON-0551,ACC-0069,Rebecca,Hughes,Staff Software Engineer,rebecca.hughes@example.com,Technical Evaluator
CON-0552,ACC-0087,Savannah,Thomas,Chief Data Officer,savannah.thomas@example.com,Champion
CON-0553,ACC-0125,Denise,Kim,Staff Software Engineer,denise.kim@example.com,Champion
CON-0554,ACC-0196,Daniel,Lowe,VP of Engineering,daniel.lowe@example.com,Economic Buyer
CON-0555,ACC-0026,Steven,Chase,VP of Data Science,steven.chase@example.com,Economic Buyer
CON-0556,ACC-0032,Michael,Bird,Chief Data Officer,michael.bird@example.com,Technical Evaluator
CON-0557,ACC-0117,Anna,Alexander,VP of Engineering,anna.alexander@example.com,Technical Evaluator
CON-0558,ACC-0052,Timothy,Morse,Chief Data Officer,timothy.morse@example.com,Champion
CON-0559,ACC-0078,Sandra,Black,Chief Data Officer,sandra.black@example.com,Technical Evaluator
CON-0560,ACC-0024,Samuel,Stephenson,Staff Software Engineer,samuel.stephenson@example.com,Technical Evaluator
CON-0561,ACC-0022,Deborah,Ferguson,Staff Software Engineer,deborah.ferguson@example.com,Champion
CON-0562,ACC-0167,Richard,Martinez,Chief Data Officer,richard.martinez@example.com,Economic Buyer
CON-0563,ACC-0102,Sue,Jones,Senior Data Engineer,sue.jones@example.com,Champion
CON-0564,ACC-0180,James,Steele,Director of Platform Engineering,james.steele@example.com,Technical Evaluator
CON-0565,ACC-0168,Donna,Heath,Head of Data Engineering,donna.heath@example.com,Champion
CON-0566,ACC-0025,Michael,Wilson,VP of Engineering,michael.wilson@example.com,Economic Buyer
CON-0567,ACC-0123,Christopher,Johnson,Head of Data Engineering,christopher.johnson@example.com,Economic Buyer
CON-0568,ACC-0152,Henry,Miller,Director of Platform Engineering,henry.miller@example.com,Champion
CON-0569,ACC-0175,Eric,Evans,VP of Data Science,eric.evans@example.com,Economic Buyer
CON-0570,ACC-0003,Edward,Pierce,Staff Software Engineer,edward.pierce@example.com,Economic Buyer
CON-0571,ACC-0109,Stephanie,Smith,Chief Data Officer,stephanie.smith@example.com,Technical Evaluator
CON-0572,ACC-0019,Christina,Sharp,Director of Platform Engineering,christina.sharp@example.com,Technical Evaluator
CON-0573,ACC-0023,Katrina,Nixon,Head of Data Engineering,katrina.nixon@example.com,Economic Buyer
CON-0574,ACC-0081,Jacob,Adams,Staff Software Engineer,jacob.adams@example.com,Technical Evaluator
CON-0575,ACC-0036,Hector,Knight,Director of Infrastructure,hector.knight@example.com,Economic Buyer
CON-0576,ACC-0165,Jeffrey,Kaufman,Chief Data Officer,jeffrey.kaufman@example.com,Economic Buyer
CON-0577,ACC-0136,Debbie,Farrell,VP of Engineering,debbie.farrell@example.com,Champion
CON-0578,ACC-0167,Amanda,Newton,Chief Data Officer,amanda.newton@example.com,Technical Evaluator
CON-0579,ACC-0090,Brandon,Ellis,Director of Platform Engineering,brandon.ellis@example.com,Champion
CON-0580,ACC-0192,Shelby,Gardner,Chief Data Officer,shelby.gardner@example.com,Technical Evaluator
CON-0581,ACC-0158,Samuel,Nelson,VP of Data Science,samuel.nelson@example.com,Economic Buyer
CON-0582,ACC-0023,Rachel,Anderson,Head of Data Engineering,rachel.anderson@example.com,Economic Buyer
CON-0583,ACC-0193,Christopher,Dennis,Head of Data Engineering,christopher.dennis@example.com,Champion
CON-0584,ACC-0187,Kenneth,Hernandez,Director of Infrastructure,kenneth.hernandez@example.com,Technical Evaluator
CON-0585,ACC-0110,Danielle,Torres,Staff Software Engineer,danielle.torres@example.com,Economic Buyer
CON-0586,ACC-0064,Kimberly,Clark,Senior Data Engineer,kimberly.clark@example.com,Champion
CON-0587,ACC-0022,April,Wood,Director of Platform Engineering,april.wood@example.com,Champion
CON-0588,ACC-0154,Kristin,Pacheco,Senior Data Engineer,kristin.pacheco@example.com,Champion
CON-0589,ACC-0007,Andrew,Hicks,Senior Data Engineer,andrew.hicks@example.com,Economic Buyer
CON-0590,ACC-0133,Robert,Hernandez,Director of Platform Engineering,robert.hernandez@example.com,Champion
CON-0591,ACC-0101,Paula,Cross,Senior Data Engineer,paula.cross@example.com,Champion
CON-0592,ACC-0014,Kenneth,Pineda,Director of Platform Engineering,kenneth.pineda@example.com,Technical Evaluator
CON-0593,ACC-0099,Jessica,Jordan,Head of Data Engineering,jessica.jordan@example.com,Economic Buyer
CON-0594,ACC-0128,David,English,Head of Data Engineering,david.english@example.com,Champion
CON-0595,ACC-0004,Courtney,Dennis,Staff Software Engineer,courtney.dennis@example.com,Technical Evaluator
CON-0596,ACC-0034,Michael,Mays,Director of Infrastructure,michael.mays@example.com,Champion
CON-0597,ACC-0108,Dominique,Perez,Staff Software Engineer,dominique.perez@example.com,Champion
CON-0598,ACC-0175,Robert,Scott,Chief Data Officer,robert.scott@example.com,Technical Evaluator
CON-0599,ACC-0198,Taylor,Wise,Head of Data Engineering,taylor.wise@example.com,Economic Buyer
CON-0600,ACC-0151,Benjamin,Rivera,Head of Data Engineering,benjamin.rivera@example.com,Economic Buyer
